<?xml version="1.0" encoding="iso-8859-1" ?>

<emp_table>

<empno>7369</empno>
<ename>Smith</ename>
<job>Clerk</job>
<Mgr>7902</Mgr>
<hiredate>17-Dec-80</hiredate>
<sal>11000</sal>
<comm>200</comm>
<deptno>20</deptno>


<empno>7499</empno>
<ename>Allen</ename>
<job>Salesman</job>
<Mgr>7698</Mgr>
<hiredate>20-Feb-81</hiredate>
<sal>16000</sal>
<comm>24820</comm>
<deptno>30</deptno>


<empno>7521</empno>
<ename>Ward</ename>
<job>Salesman</job>
<Mgr>7698</Mgr>
<hiredate>22-Feb-81</hiredate>
<sal>13750</sal>
<comm>19700</comm>
<deptno>30</deptno>


<empno>7566</empno>
<ename>Jones</ename>
<job>Manager</job>
<Mgr>7839</Mgr>
<hiredate>02-Apr-81</hiredate>
<sal>31750</sal>
<comm></comm>
<deptno>20</deptno>


<empno>7654</empno>
<ename>Martin</ename>
<job>Salesman</job>
<Mgr>7698</Mgr>
<hiredate>28-Sep-81</hiredate>
<sal>13750</sal>
<comm>20600</comm>
<deptno>30</deptno>


<empno>7698</empno>
<ename>Blake</ename>
<job>Manager</job>
<Mgr>7839</Mgr>
<hiredate>01-May-81</hiredate>
<sal>28500</sal>
<comm></comm>
<deptno>30</deptno>


<empno>7782</empno>
<ename>Clark</ename>
<job>Manager</job>
<Mgr>7839</Mgr>
<hiredate>09-Jun-81</hiredate>
<sal>24500</sal>
<comm></comm>
<deptno>10</deptno>


<empno>7788</empno>
<ename>Scott</ename>
<job>Analyst</job>
<Mgr>7566</Mgr>
<hiredate>19-Apr-87</hiredate>
<sal>20000</sal>
<comm></comm>
<deptno>20</deptno>


<empno>7839</empno>
<ename>King</ename>
<job>President</job>
<Mgr></Mgr>
<hiredate>17-Nov-81</hiredate>
<sal>5000</sal>
<comm></comm>
<deptno>10</deptno>


<empno>7844</empno>
<ename>Turner</ename>
<job>Salesman</job>
<Mgr>7698</Mgr>
<hiredate>08-Sep-81</hiredate>
<sal>16500</sal>
<comm>2300</comm>
<deptno>30</deptno>


<empno>876</empno>
<ename>Adams</ename>
<job>Clerk</job>
<Mgr>7788</Mgr>
<hiredate>23-May-87</hiredate>
<sal>14300</sal>
<comm>200</comm>
<deptno>20</deptno>


<empno>7900</empno>
<ename>James</ename>
<job>Clerk</job>
<Mgr>7698</Mgr>
<hiredate>03-Dec-81</hiredate>
<sal>10450</sal>
<comm>200</comm>
<deptno>30</deptno>


<empno>7902</empno>
<ename>Ford</ename>
<job>Analyst</job>
<Mgr>7566</Mgr>
<hiredate>03-Dec-81</hiredate>
<sal>32000</sal>
<comm></comm>
<deptno>20</deptno>

</emp_table>