<?xml version="1.0" encoding="iso-8859-1" ?>
<breakfast_menu>
<food>
<name>Belgian Waffles</name>
<price>$5.95</price>
<description>two of our famous Belgian Waffles with plenty of real maple syrup</description>
<calories>650</calories>
</food>

<food>
<name>Strawberry Belgian Waffles</name>
<price>$7.95</price>
<description>Belgian Waffles covered with strawberries and whipped cream</description>
<calories>900</calories>
</food>

<food>
<name>Berry-Berry Belgian Waffles</name>
<price>$10.95</price>
<description>Light Belgian Waffles covered with an assortment of fresh berries and whipped cream</description>
<calories>950</calories>
</food>
</breakfast_menu>