<?xml version="1.0" encoding="ISO-8859-1" ?>
<emp_table>
<employee_code>101</employee_code>
<employee_name>preetham</employee_name>
<date_of_joining>10-JAN-2010</date_of_joining>
<salary>18000</salary>
<grade>A</grade>

<employee_code>102</employee_code>
<employee_name>Aakash</employee_name>
<date_of_joining>10-NOV-2005</date_of_joining>
<salary>48000</salary>
<grade>C</grade>

<employee_code>103</employee_code>
<employee_name>Kishore</employee_name>
<date_of_joining>19-DEC-2011</date_of_joining>
<salary>21000</salary>
<grade>B</grade>

</emp_table>